SP,White,Black,Twin,
0,BBQNNRKR,bbqnnrkr,959,RKRNNQBB
1,BQNBNRKR,bqnbnrkr,955,RKRNBNQB
2,BQNNRBKR,bqnnrbkr,951,RKBRNNQB
3,BQNNRKRB,bqnnrkrb,947,BRKRNNQB
4,QBBNNRKR,qbbnnrkr,958,RKRNNBBQ
5,QNBBNRKR,qnbbnrkr,954,RKRNBBNQ
6,QNBNRBKR,qnbnrbkr,950,RKBRNBNQ
7,QNBNRKRB,qnbnrkrb,946,BRKRNBNQ
8,QBNNBRKR,qbnnbrkr,957,RKRBNNBQ
9,QNNBBRKR,qnnbbrkr,953,RKRBBNNQ
10,QNNRBBKR,qnnrbbkr,949,RKBBRNNQ
11,QNNRBKRB,qnnrbkrb,945,BRKBRNNQ
12,QBNNRKBR,qbnnrkbr,956,RBKRNNBQ
13,QNNBRKBR,qnnbrkbr,952,RBKRBNNQ
14,QNNRKBBR,qnnrkbbr,948,RBBKRNNQ
15,QNNRKRBB,qnnrkrbb,944,BBRKRNNQ
16,BBNQNRKR,bbnqnrkr,943,RKRNQNBB
17,BNQBNRKR,bnqbnrkr,939,RKRNBQNB
18,BNQNRBKR,bnqnrbkr,935,RKBRNQNB
19,BNQNRKRB,bnqnrkrb,931,BRKRNQNB
20,NBBQNRKR,nbbqnrkr,942,RKRNQBBN
21,NQBBNRKR,nqbbnrkr,938,RKRNBBQN
22,NQBNRBKR,nqbnrbkr,934,RKBRNBQN
23,NQBNRKRB,nqbnrkrb,930,BRKRNBQN
24,NBQNBRKR,nbqnbrkr,941,RKRBNQBN
25,NQNBBRKR,nqnbbrkr,937,RKRBBNQN
26,NQNRBBKR,nqnrbbkr,933,RKBBRNQN
27,NQNRBKRB,nqnrbkrb,929,BRKBRNQN
28,NBQNRKBR,nbqnrkbr,940,RBKRNQBN
29,NQNBRKBR,nqnbrkbr,936,RBKRBNQN
30,NQNRKBBR,nqnrkbbr,932,RBBKRNQN
31,NQNRKRBB,nqnrkrbb,928,BBRKRNQN
32,BBNNQRKR,bbnnqrkr,927,RKRQNNBB
33,BNNBQRKR,bnnbqrkr,923,RKRQBNNB
34,BNNQRBKR,bnnqrbkr,919,RKBRQNNB
35,BNNQRKRB,bnnqrkrb,915,BRKRQNNB
36,NBBNQRKR,nbbnqrkr,926,RKRQNBBN
37,NNBBQRKR,nnbbqrkr,922,RKRQBBNN
38,NNBQRBKR,nnbqrbkr,918,RKBRQBNN
39,NNBQRKRB,nnbqrkrb,914,BRKRQBNN
40,NBNQBRKR,nbnqbrkr,925,RKRBQNBN
41,NNQBBRKR,nnqbbrkr,921,RKRBBQNN
42,NNQRBBKR,nnqrbbkr,917,RKBBRQNN
43,NNQRBKRB,nnqrbkrb,913,BRKBRQNN
44,NBNQRKBR,nbnqrkbr,924,RBKRQNBN
45,NNQBRKBR,nnqbrkbr,920,RBKRBQNN
46,NNQRKBBR,nnqrkbbr,916,RBBKRQNN
47,NNQRKRBB,nnqrkrbb,912,BBRKRQNN
48,BBNNRQKR,bbnnrqkr,911,RKQRNNBB
49,BNNBRQKR,bnnbrqkr,907,RKQRBNNB
50,BNNRQBKR,bnnrqbkr,903,RKBQRNNB
51,BNNRQKRB,bnnrqkrb,899,BRKQRNNB
52,NBBNRQKR,nbbnrqkr,910,RKQRNBBN
53,NNBBRQKR,nnbbrqkr,906,RKQRBBNN
54,NNBRQBKR,nnbrqbkr,902,RKBQRBNN
55,NNBRQKRB,nnbrqkrb,898,BRKQRBNN
56,NBNRBQKR,nbnrbqkr,909,RKQBRNBN
57,NNRBBQKR,nnrbbqkr,905,RKQBBRNN
58,NNRQBBKR,nnrqbbkr,901,RKBBQRNN
59,NNRQBKRB,nnrqbkrb,897,BRKBQRNN
60,NBNRQKBR,nbnrqkbr,908,RBKQRNBN
61,NNRBQKBR,nnrbqkbr,904,RBKQBRNN
62,NNRQKBBR,nnrqkbbr,900,RBBKQRNN
63,NNRQKRBB,nnrqkrbb,896,BBRKQRNN
64,BBNNRKQR,bbnnrkqr,895,RQKRNNBB
65,BNNBRKQR,bnnbrkqr,891,RQKRBNNB
66,BNNRKBQR,bnnrkbqr,887,RQBKRNNB
67,BNNRKQRB,bnnrkqrb,883,BRQKRNNB
68,NBBNRKQR,nbbnrkqr,894,RQKRNBBN
69,NNBBRKQR,nnbbrkqr,890,RQKRBBNN
70,NNBRKBQR,nnbrkbqr,886,RQBKRBNN
71,NNBRKQRB,nnbrkqrb,882,BRQKRBNN
72,NBNRBKQR,nbnrbkqr,893,RQKBRNBN
73,NNRBBKQR,nnrbbkqr,889,RQKBBRNN
74,NNRKBBQR,nnrkbbqr,885,RQBBKRNN
75,NNRKBQRB,nnrkbqrb,881,BRQBKRNN
76,NBNRKQBR,nbnrkqbr,892,RBQKRNBN
77,NNRBKQBR,nnrbkqbr,888,RBQKBRNN
78,NNRKQBBR,nnrkqbbr,884,RBBQKRNN
79,NNRKQRBB,nnrkqrbb,880,BBRQKRNN
80,BBNNRKRQ,bbnnrkrq,879,QRKRNNBB
81,BNNBRKRQ,bnnbrkrq,875,QRKRBNNB
82,BNNRKBRQ,bnnrkbrq,871,QRBKRNNB
83,BNNRKRQB,bnnrkrqb,867,BQRKRNNB
84,NBBNRKRQ,nbbnrkrq,878,QRKRNBBN
85,NNBBRKRQ,nnbbrkrq,874,QRKRBBNN
86,NNBRKBRQ,nnbrkbrq,870,QRBKRBNN
87,NNBRKRQB,nnbrkrqb,866,BQRKRBNN
88,NBNRBKRQ,nbnrbkrq,877,QRKBRNBN
89,NNRBBKRQ,nnrbbkrq,873,QRKBBRNN
90,NNRKBBRQ,nnrkbbrq,869,QRBBKRNN
91,NNRKBRQB,nnrkbrqb,865,BQRBKRNN
92,NBNRKRBQ,nbnrkrbq,876,QBRKRNBN
93,NNRBKRBQ,nnrbkrbq,872,QBRKBRNN
94,NNRKRBBQ,nnrkrbbq,868,QBBRKRNN
95,NNRKRQBB,nnrkrqbb,864,BBQRKRNN
96,BBQNRNKR,bbqnrnkr,863,RKNRNQBB
97,BQNBRNKR,bqnbrnkr,859,RKNRBNQB
98,BQNRNBKR,bqnrnbkr,855,RKBNRNQB
99,BQNRNKRB,bqnrnkrb,851,BRKNRNQB
100,QBBNRNKR,qbbnrnkr,862,RKNRNBBQ
101,QNBBRNKR,qnbbrnkr,858,RKNRBBNQ
102,QNBRNBKR,qnbrnbkr,854,RKBNRBNQ
103,QNBRNKRB,qnbrnkrb,850,BRKNRBNQ
104,QBNRBNKR,qbnrbnkr,861,RKNBRNBQ
105,QNRBBNKR,qnrbbnkr,857,RKNBBRNQ
106,QNRNBBKR,qnrnbbkr,853,RKBBNRNQ
107,QNRNBKRB,qnrnbkrb,849,BRKBNRNQ
108,QBNRNKBR,qbnrnkbr,860,RBKNRNBQ
109,QNRBNKBR,qnrbnkbr,856,RBKNBRNQ
110,QNRNKBBR,qnrnkbbr,852,RBBKNRNQ
111,QNRNKRBB,qnrnkrbb,848,BBRKNRNQ
112,BBNQRNKR,bbnqrnkr,847,RKNRQNBB
113,BNQBRNKR,bnqbrnkr,843,RKNRBQNB
114,BNQRNBKR,bnqrnbkr,839,RKBNRQNB
115,BNQRNKRB,bnqrnkrb,835,BRKNRQNB
116,NBBQRNKR,nbbqrnkr,846,RKNRQBBN
117,NQBBRNKR,nqbbrnkr,842,RKNRBBQN
118,NQBRNBKR,nqbrnbkr,838,RKBNRBQN
119,NQBRNKRB,nqbrnkrb,834,BRKNRBQN
120,NBQRBNKR,nbqrbnkr,845,RKNBRQBN
121,NQRBBNKR,nqrbbnkr,841,RKNBBRQN
122,NQRNBBKR,nqrnbbkr,837,RKBBNRQN
123,NQRNBKRB,nqrnbkrb,833,BRKBNRQN
124,NBQRNKBR,nbqrnkbr,844,RBKNRQBN
125,NQRBNKBR,nqrbnkbr,840,RBKNBRQN
126,NQRNKBBR,nqrnkbbr,836,RBBKNRQN
127,NQRNKRBB,nqrnkrbb,832,BBRKNRQN
128,BBNRQNKR,bbnrqnkr,831,RKNQRNBB
129,BNRBQNKR,bnrbqnkr,827,RKNQBRNB
130,BNRQNBKR,bnrqnbkr,823,RKBNQRNB
131,BNRQNKRB,bnrqnkrb,819,BRKNQRNB
132,NBBRQNKR,nbbrqnkr,830,RKNQRBBN
133,NRBBQNKR,nrbbqnkr,826,RKNQBBRN
134,NRBQNBKR,nrbqnbkr,822,RKBNQBRN
135,NRBQNKRB,nrbqnkrb,818,BRKNQBRN
136,NBRQBNKR,nbrqbnkr,829,RKNBQRBN
137,NRQBBNKR,nrqbbnkr,825,RKNBBQRN
138,NRQNBBKR,nrqnbbkr,821,RKBBNQRN
139,NRQNBKRB,nrqnbkrb,817,BRKBNQRN
140,NBRQNKBR,nbrqnkbr,828,RBKNQRBN
141,NRQBNKBR,nrqbnkbr,824,RBKNBQRN
142,NRQNKBBR,nrqnkbbr,820,RBBKNQRN
143,NRQNKRBB,nrqnkrbb,816,BBRKNQRN
144,BBNRNQKR,bbnrnqkr,815,RKQNRNBB
145,BNRBNQKR,bnrbnqkr,811,RKQNBRNB
146,BNRNQBKR,bnrnqbkr,807,RKBQNRNB
147,BNRNQKRB,bnrnqkrb,803,BRKQNRNB
148,NBBRNQKR,nbbrnqkr,814,RKQNRBBN
149,NRBBNQKR,nrbbnqkr,810,RKQNBBRN
150,NRBNQBKR,nrbnqbkr,806,RKBQNBRN
151,NRBNQKRB,nrbnqkrb,802,BRKQNBRN
152,NBRNBQKR,nbrnbqkr,813,RKQBNRBN
153,NRNBBQKR,nrnbbqkr,809,RKQBBNRN
154,NRNQBBKR,nrnqbbkr,805,RKBBQNRN
155,NRNQBKRB,nrnqbkrb,801,BRKBQNRN
156,NBRNQKBR,nbrnqkbr,812,RBKQNRBN
157,NRNBQKBR,nrnbqkbr,808,RBKQBNRN
158,NRNQKBBR,nrnqkbbr,804,RBBKQNRN
159,NRNQKRBB,nrnqkrbb,800,BBRKQNRN
160,BBNRNKQR,bbnrnkqr,799,RQKNRNBB
161,BNRBNKQR,bnrbnkqr,795,RQKNBRNB
162,BNRNKBQR,bnrnkbqr,791,RQBKNRNB
163,BNRNKQRB,bnrnkqrb,787,BRQKNRNB
164,NBBRNKQR,nbbrnkqr,798,RQKNRBBN
165,NRBBNKQR,nrbbnkqr,794,RQKNBBRN
166,NRBNKBQR,nrbnkbqr,790,RQBKNBRN
167,NRBNKQRB,nrbnkqrb,786,BRQKNBRN
168,NBRNBKQR,nbrnbkqr,797,RQKBNRBN
169,NRNBBKQR,nrnbbkqr,793,RQKBBNRN
170,NRNKBBQR,nrnkbbqr,789,RQBBKNRN
171,NRNKBQRB,nrnkbqrb,785,BRQBKNRN
172,NBRNKQBR,nbrnkqbr,796,RBQKNRBN
173,NRNBKQBR,nrnbkqbr,792,RBQKBNRN
174,NRNKQBBR,nrnkqbbr,788,RBBQKNRN
175,NRNKQRBB,nrnkqrbb,784,BBRQKNRN
176,BBNRNKRQ,bbnrnkrq,783,QRKNRNBB
177,BNRBNKRQ,bnrbnkrq,779,QRKNBRNB
178,BNRNKBRQ,bnrnkbrq,775,QRBKNRNB
179,BNRNKRQB,bnrnkrqb,771,BQRKNRNB
180,NBBRNKRQ,nbbrnkrq,782,QRKNRBBN
181,NRBBNKRQ,nrbbnkrq,778,QRKNBBRN
182,NRBNKBRQ,nrbnkbrq,774,QRBKNBRN
183,NRBNKRQB,nrbnkrqb,770,BQRKNBRN
184,NBRNBKRQ,nbrnbkrq,781,QRKBNRBN
185,NRNBBKRQ,nrnbbkrq,777,QRKBBNRN
186,NRNKBBRQ,nrnkbbrq,773,QRBBKNRN
187,NRNKBRQB,nrnkbrqb,769,BQRBKNRN
188,NBRNKRBQ,nbrnkrbq,780,QBRKNRBN
189,NRNBKRBQ,nrnbkrbq,776,QBRKBNRN
190,NRNKRBBQ,nrnkrbbq,772,QBBRKNRN
191,NRNKRQBB,nrnkrqbb,768,BBQRKNRN
192,BBQNRKNR,bbqnrknr,671,RNKRNQBB
193,BQNBRKNR,bqnbrknr,667,RNKRBNQB
194,BQNRKBNR,bqnrkbnr,663,RNBKRNQB
195,BQNRKNRB,bqnrknrb,659,BRNKRNQB
196,QBBNRKNR,qbbnrknr,670,RNKRNBBQ
197,QNBBRKNR,qnbbrknr,666,RNKRBBNQ
198,QNBRKBNR,qnbrkbnr,662,RNBKRBNQ
199,QNBRKNRB,qnbrknrb,658,BRNKRBNQ
200,QBNRBKNR,qbnrbknr,669,RNKBRNBQ
201,QNRBBKNR,qnrbbknr,665,RNKBBRNQ
202,QNRKBBNR,qnrkbbnr,661,RNBBKRNQ
203,QNRKBNRB,qnrkbnrb,657,BRNBKRNQ
204,QBNRKNBR,qbnrknbr,668,RBNKRNBQ
205,QNRBKNBR,qnrbknbr,664,RBNKBRNQ
206,QNRKNBBR,qnrknbbr,660,RBBNKRNQ
207,QNRKNRBB,qnrknrbb,656,BBRNKRNQ
208,BBNQRKNR,bbnqrknr,655,RNKRQNBB
209,BNQBRKNR,bnqbrknr,651,RNKRBQNB
210,BNQRKBNR,bnqrkbnr,647,RNBKRQNB
211,BNQRKNRB,bnqrknrb,643,BRNKRQNB
212,NBBQRKNR,nbbqrknr,654,RNKRQBBN
213,NQBBRKNR,nqbbrknr,650,RNKRBBQN
214,NQBRKBNR,nqbrkbnr,646,RNBKRBQN
215,NQBRKNRB,nqbrknrb,642,BRNKRBQN
216,NBQRBKNR,nbqrbknr,653,RNKBRQBN
217,NQRBBKNR,nqrbbknr,649,RNKBBRQN
218,NQRKBBNR,nqrkbbnr,645,RNBBKRQN
219,NQRKBNRB,nqrkbnrb,641,BRNBKRQN
220,NBQRKNBR,nbqrknbr,652,RBNKRQBN
221,NQRBKNBR,nqrbknbr,648,RBNKBRQN
222,NQRKNBBR,nqrknbbr,644,RBBNKRQN
223,NQRKNRBB,nqrknrbb,640,BBRNKRQN
224,BBNRQKNR,bbnrqknr,639,RNKQRNBB
225,BNRBQKNR,bnrbqknr,635,RNKQBRNB
226,BNRQKBNR,bnrqkbnr,631,RNBKQRNB
227,BNRQKNRB,bnrqknrb,627,BRNKQRNB
228,NBBRQKNR,nbbrqknr,638,RNKQRBBN
229,NRBBQKNR,nrbbqknr,634,RNKQBBRN
230,NRBQKBNR,nrbqkbnr,630,RNBKQBRN
231,NRBQKNRB,nrbqknrb,626,BRNKQBRN
232,NBRQBKNR,nbrqbknr,637,RNKBQRBN
233,NRQBBKNR,nrqbbknr,633,RNKBBQRN
234,NRQKBBNR,nrqkbbnr,629,RNBBKQRN
235,NRQKBNRB,nrqkbnrb,625,BRNBKQRN
236,NBRQKNBR,nbrqknbr,636,RBNKQRBN
237,NRQBKNBR,nrqbknbr,632,RBNKBQRN
238,NRQKNBBR,nrqknbbr,628,RBBNKQRN
239,NRQKNRBB,nrqknrbb,624,BBRNKQRN
240,BBNRKQNR,bbnrkqnr,623,RNQKRNBB
241,BNRBKQNR,bnrbkqnr,619,RNQKBRNB
242,BNRKQBNR,bnrkqbnr,615,RNBQKRNB
243,BNRKQNRB,bnrkqnrb,611,BRNQKRNB
244,NBBRKQNR,nbbrkqnr,622,RNQKRBBN
245,NRBBKQNR,nrbbkqnr,618,RNQKBBRN
246,NRBKQBNR,nrbkqbnr,614,RNBQKBRN
247,NRBKQNRB,nrbkqnrb,610,BRNQKBRN
248,NBRKBQNR,nbrkbqnr,621,RNQBKRBN
249,NRKBBQNR,nrkbbqnr,617,RNQBBKRN
250,NRKQBBNR,nrkqbbnr,613,RNBBQKRN
251,NRKQBNRB,nrkqbnrb,609,BRNBQKRN
252,NBRKQNBR,nbrkqnbr,620,RBNQKRBN
253,NRKBQNBR,nrkbqnbr,616,RBNQBKRN
254,NRKQNBBR,nrkqnbbr,612,RBBNQKRN
255,NRKQNRBB,nrkqnrbb,608,BBRNQKRN
256,BBNRKNQR,bbnrknqr,607,RQNKRNBB
257,BNRBKNQR,bnrbknqr,603,RQNKBRNB
258,BNRKNBQR,bnrknbqr,599,RQBNKRNB
259,BNRKNQRB,bnrknqrb,595,BRQNKRNB
260,NBBRKNQR,nbbrknqr,606,RQNKRBBN
261,NRBBKNQR,nrbbknqr,602,RQNKBBRN
262,NRBKNBQR,nrbknbqr,598,RQBNKBRN
263,NRBKNQRB,nrbknqrb,594,BRQNKBRN
264,NBRKBNQR,nbrkbnqr,605,RQNBKRBN
265,NRKBBNQR,nrkbbnqr,601,RQNBBKRN
266,NRKNBBQR,nrknbbqr,597,RQBBNKRN
267,NRKNBQRB,nrknbqrb,593,BRQBNKRN
268,NBRKNQBR,nbrknqbr,604,RBQNKRBN
269,NRKBNQBR,nrkbnqbr,600,RBQNBKRN
270,NRKNQBBR,nrknqbbr,596,RBBQNKRN
271,NRKNQRBB,nrknqrbb,592,BBRQNKRN
272,BBNRKNRQ,bbnrknrq,591,QRNKRNBB
273,BNRBKNRQ,bnrbknrq,587,QRNKBRNB
274,BNRKNBRQ,bnrknbrq,583,QRBNKRNB
275,BNRKNRQB,bnrknrqb,579,BQRNKRNB
276,NBBRKNRQ,nbbrknrq,590,QRNKRBBN
277,NRBBKNRQ,nrbbknrq,586,QRNKBBRN
278,NRBKNBRQ,nrbknbrq,582,QRBNKBRN
279,NRBKNRQB,nrbknrqb,578,BQRNKBRN
280,NBRKBNRQ,nbrkbnrq,589,QRNBKRBN
281,NRKBBNRQ,nrkbbnrq,585,QRNBBKRN
282,NRKNBBRQ,nrknbbrq,581,QRBBNKRN
283,NRKNBRQB,nrknbrqb,577,BQRBNKRN
284,NBRKNRBQ,nbrknrbq,588,QBRNKRBN
285,NRKBNRBQ,nrkbnrbq,584,QBRNBKRN
286,NRKNRBBQ,nrknrbbq,580,QBBRNKRN
287,NRKNRQBB,nrknrqbb,576,BBQRNKRN
288,BBQNRKRN,bbqnrkrn,383,NRKRNQBB
289,BQNBRKRN,bqnbrkrn,379,NRKRBNQB
290,BQNRKBRN,bqnrkbrn,375,NRBKRNQB
291,BQNRKRNB,bqnrkrnb,371,BNRKRNQB
292,QBBNRKRN,qbbnrkrn,382,NRKRNBBQ
293,QNBBRKRN,qnbbrkrn,378,NRKRBBNQ
294,QNBRKBRN,qnbrkbrn,374,NRBKRBNQ
295,QNBRKRNB,qnbrkrnb,370,BNRKRBNQ
296,QBNRBKRN,qbnrbkrn,381,NRKBRNBQ
297,QNRBBKRN,qnrbbkrn,377,NRKBBRNQ
298,QNRKBBRN,qnrkbbrn,373,NRBBKRNQ
299,QNRKBRNB,qnrkbrnb,369,BNRBKRNQ
300,QBNRKRBN,qbnrkrbn,380,NBRKRNBQ
301,QNRBKRBN,qnrbkrbn,376,NBRKBRNQ
302,QNRKRBBN,qnrkrbbn,372,NBBRKRNQ
303,QNRKRNBB,qnrkrnbb,368,BBNRKRNQ
304,BBNQRKRN,bbnqrkrn,367,NRKRQNBB
305,BNQBRKRN,bnqbrkrn,363,NRKRBQNB
306,BNQRKBRN,bnqrkbrn,359,NRBKRQNB
307,BNQRKRNB,bnqrkrnb,355,BNRKRQNB
308,NBBQRKRN,nbbqrkrn,366,NRKRQBBN
309,NQBBRKRN,nqbbrkrn,362,NRKRBBQN
310,NQBRKBRN,nqbrkbrn,358,NRBKRBQN
311,NQBRKRNB,nqbrkrnb,354,BNRKRBQN
312,NBQRBKRN,nbqrbkrn,365,NRKBRQBN
313,NQRBBKRN,nqrbbkrn,361,NRKBBRQN
314,NQRKBBRN,nqrkbbrn,357,NRBBKRQN
315,NQRKBRNB,nqrkbrnb,353,BNRBKRQN
316,NBQRKRBN,nbqrkrbn,364,NBRKRQBN
317,NQRBKRBN,nqrbkrbn,360,NBRKBRQN
318,NQRKRBBN,nqrkrbbn,356,NBBRKRQN
319,NQRKRNBB,nqrkrnbb,352,BBNRKRQN
320,BBNRQKRN,bbnrqkrn,351,NRKQRNBB
321,BNRBQKRN,bnrbqkrn,347,NRKQBRNB
322,BNRQKBRN,bnrqkbrn,343,NRBKQRNB
323,BNRQKRNB,bnrqkrnb,339,BNRKQRNB
324,NBBRQKRN,nbbrqkrn,350,NRKQRBBN
325,NRBBQKRN,nrbbqkrn,346,NRKQBBRN
326,NRBQKBRN,nrbqkbrn,342,NRBKQBRN
327,NRBQKRNB,nrbqkrnb,338,BNRKQBRN
328,NBRQBKRN,nbrqbkrn,349,NRKBQRBN
329,NRQBBKRN,nrqbbkrn,345,NRKBBQRN
330,NRQKBBRN,nrqkbbrn,341,NRBBKQRN
331,NRQKBRNB,nrqkbrnb,337,BNRBKQRN
332,NBRQKRBN,nbrqkrbn,348,NBRKQRBN
333,NRQBKRBN,nrqbkrbn,344,NBRKBQRN
334,NRQKRBBN,nrqkrbbn,340,NBBRKQRN
335,NRQKRNBB,nrqkrnbb,336,BBNRKQRN
336,BBNRKQRN,bbnrkqrn,335,NRQKRNBB
337,BNRBKQRN,bnrbkqrn,331,NRQKBRNB
338,BNRKQBRN,bnrkqbrn,327,NRBQKRNB
339,BNRKQRNB,bnrkqrnb,323,BNRQKRNB
340,NBBRKQRN,nbbrkqrn,334,NRQKRBBN
341,NRBBKQRN,nrbbkqrn,330,NRQKBBRN
342,NRBKQBRN,nrbkqbrn,326,NRBQKBRN
343,NRBKQRNB,nrbkqrnb,322,BNRQKBRN
344,NBRKBQRN,nbrkbqrn,333,NRQBKRBN
345,NRKBBQRN,nrkbbqrn,329,NRQBBKRN
346,NRKQBBRN,nrkqbbrn,325,NRBBQKRN
347,NRKQBRNB,nrkqbrnb,321,BNRBQKRN
348,NBRKQRBN,nbrkqrbn,332,NBRQKRBN
349,NRKBQRBN,nrkbqrbn,328,NBRQBKRN
350,NRKQRBBN,nrkqrbbn,324,NBBRQKRN
351,NRKQRNBB,nrkqrnbb,320,BBNRQKRN
352,BBNRKRQN,bbnrkrqn,319,NQRKRNBB
353,BNRBKRQN,bnrbkrqn,315,NQRKBRNB
354,BNRKRBQN,bnrkrbqn,311,NQBRKRNB
355,BNRKRQNB,bnrkrqnb,307,BNQRKRNB
356,NBBRKRQN,nbbrkrqn,318,NQRKRBBN
357,NRBBKRQN,nrbbkrqn,314,NQRKBBRN
358,NRBKRBQN,nrbkrbqn,310,NQBRKBRN
359,NRBKRQNB,nrbkrqnb,306,BNQRKBRN
360,NBRKBRQN,nbrkbrqn,317,NQRBKRBN
361,NRKBBRQN,nrkbbrqn,313,NQRBBKRN
362,NRKRBBQN,nrkrbbqn,309,NQBBRKRN
363,NRKRBQNB,nrkrbqnb,305,BNQBRKRN
364,NBRKRQBN,nbrkrqbn,316,NBQRKRBN
365,NRKBRQBN,nrkbrqbn,312,NBQRBKRN
366,NRKRQBBN,nrkrqbbn,308,NBBQRKRN
367,NRKRQNBB,nrkrqnbb,304,BBNQRKRN
368,BBNRKRNQ,bbnrkrnq,303,QNRKRNBB
369,BNRBKRNQ,bnrbkrnq,299,QNRKBRNB
370,BNRKRBNQ,bnrkrbnq,295,QNBRKRNB
371,BNRKRNQB,bnrkrnqb,291,BQNRKRNB
372,NBBRKRNQ,nbbrkrnq,302,QNRKRBBN
373,NRBBKRNQ,nrbbkrnq,298,QNRKBBRN
374,NRBKRBNQ,nrbkrbnq,294,QNBRKBRN
375,NRBKRNQB,nrbkrnqb,290,BQNRKBRN
376,NBRKBRNQ,nbrkbrnq,301,QNRBKRBN
377,NRKBBRNQ,nrkbbrnq,297,QNRBBKRN
378,NRKRBBNQ,nrkrbbnq,293,QNBBRKRN
379,NRKRBNQB,nrkrbnqb,289,BQNBRKRN
380,NBRKRNBQ,nbrkrnbq,300,QBNRKRBN
381,NRKBRNBQ,nrkbrnbq,296,QBNRBKRN
382,NRKRNBBQ,nrkrnbbq,292,QBBNRKRN
383,NRKRNQBB,nrkrnqbb,288,BBQNRKRN
384,BBQRNNKR,bbqrnnkr,767,RKNNRQBB
385,BQRBNNKR,bqrbnnkr,763,RKNNBRQB
386,BQRNNBKR,bqrnnbkr,759,RKBNNRQB
387,BQRNNKRB,bqrnnkrb,755,BRKNNRQB
388,QBBRNNKR,qbbrnnkr,766,RKNNRBBQ
389,QRBBNNKR,qrbbnnkr,762,RKNNBBRQ
390,QRBNNBKR,qrbnnbkr,758,RKBNNBRQ
391,QRBNNKRB,qrbnnkrb,754,BRKNNBRQ
392,QBRNBNKR,qbrnbnkr,765,RKNBNRBQ
393,QRNBBNKR,qrnbbnkr,761,RKNBBNRQ
394,QRNNBBKR,qrnnbbkr,757,RKBBNNRQ
395,QRNNBKRB,qrnnbkrb,753,BRKBNNRQ
396,QBRNNKBR,qbrnnkbr,764,RBKNNRBQ
397,QRNBNKBR,qrnbnkbr,760,RBKNBNRQ
398,QRNNKBBR,qrnnkbbr,756,RBBKNNRQ
399,QRNNKRBB,qrnnkrbb,752,BBRKNNRQ
400,BBRQNNKR,bbrqnnkr,751,RKNNQRBB
401,BRQBNNKR,brqbnnkr,747,RKNNBQRB
402,BRQNNBKR,brqnnbkr,743,RKBNNQRB
403,BRQNNKRB,brqnnkrb,739,BRKNNQRB
404,RBBQNNKR,rbbqnnkr,750,RKNNQBBR
405,RQBBNNKR,rqbbnnkr,746,RKNNBBQR
406,RQBNNBKR,rqbnnbkr,742,RKBNNBQR
407,RQBNNKRB,rqbnnkrb,738,BRKNNBQR
408,RBQNBNKR,rbqnbnkr,749,RKNBNQBR
409,RQNBBNKR,rqnbbnkr,745,RKNBBNQR
410,RQNNBBKR,rqnnbbkr,741,RKBBNNQR
411,RQNNBKRB,rqnnbkrb,737,BRKBNNQR
412,RBQNNKBR,rbqnnkbr,748,RBKNNQBR
413,RQNBNKBR,rqnbnkbr,744,RBKNBNQR
414,RQNNKBBR,rqnnkbbr,740,RBBKNNQR
415,RQNNKRBB,rqnnkrbb,736,BBRKNNQR
416,BBRNQNKR,bbrnqnkr,735,RKNQNRBB
417,BRNBQNKR,brnbqnkr,731,RKNQBNRB
418,BRNQNBKR,brnqnbkr,727,RKBNQNRB
419,BRNQNKRB,brnqnkrb,723,BRKNQNRB
420,RBBNQNKR,rbbnqnkr,734,RKNQNBBR
421,RNBBQNKR,rnbbqnkr,730,RKNQBBNR
422,RNBQNBKR,rnbqnbkr,726,RKBNQBNR
423,RNBQNKRB,rnbqnkrb,722,BRKNQBNR
424,RBNQBNKR,rbnqbnkr,733,RKNBQNBR
425,RNQBBNKR,rnqbbnkr,729,RKNBBQNR
426,RNQNBBKR,rnqnbbkr,725,RKBBNQNR
427,RNQNBKRB,rnqnbkrb,721,BRKBNQNR
428,RBNQNKBR,rbnqnkbr,732,RBKNQNBR
429,RNQBNKBR,rnqbnkbr,728,RBKNBQNR
430,RNQNKBBR,rnqnkbbr,724,RBBKNQNR
431,RNQNKRBB,rnqnkrbb,720,BBRKNQNR
432,BBRNNQKR,bbrnnqkr,719,RKQNNRBB
433,BRNBNQKR,brnbnqkr,715,RKQNBNRB
434,BRNNQBKR,brnnqbkr,711,RKBQNNRB
435,BRNNQKRB,brnnqkrb,707,BRKQNNRB
436,RBBNNQKR,rbbnnqkr,718,RKQNNBBR
437,RNBBNQKR,rnbbnqkr,714,RKQNBBNR
438,RNBNQBKR,rnbnqbkr,710,RKBQNBNR
439,RNBNQKRB,rnbnqkrb,706,BRKQNBNR
440,RBNNBQKR,rbnnbqkr,717,RKQBNNBR
441,RNNBBQKR,rnnbbqkr,713,RKQBBNNR
442,RNNQBBKR,rnnqbbkr,709,RKBBQNNR
443,RNNQBKRB,rnnqbkrb,705,BRKBQNNR
444,RBNNQKBR,rbnnqkbr,716,RBKQNNBR
445,RNNBQKBR,rnnbqkbr,712,RBKQBNNR
446,RNNQKBBR,rnnqkbbr,708,RBBKQNNR
447,RNNQKRBB,rnnqkrbb,704,BBRKQNNR
448,BBRNNKQR,bbrnnkqr,703,RQKNNRBB
449,BRNBNKQR,brnbnkqr,699,RQKNBNRB
450,BRNNKBQR,brnnkbqr,695,RQBKNNRB
451,BRNNKQRB,brnnkqrb,691,BRQKNNRB
452,RBBNNKQR,rbbnnkqr,702,RQKNNBBR
453,RNBBNKQR,rnbbnkqr,698,RQKNBBNR
454,RNBNKBQR,rnbnkbqr,694,RQBKNBNR
455,RNBNKQRB,rnbnkqrb,690,BRQKNBNR
456,RBNNBKQR,rbnnbkqr,701,RQKBNNBR
457,RNNBBKQR,rnnbbkqr,697,RQKBBNNR
458,RNNKBBQR,rnnkbbqr,693,RQBBKNNR
459,RNNKBQRB,rnnkbqrb,689,BRQBKNNR
460,RBNNKQBR,rbnnkqbr,700,RBQKNNBR
461,RNNBKQBR,rnnbkqbr,696,RBQKBNNR
462,RNNKQBBR,rnnkqbbr,692,RBBQKNNR
463,RNNKQRBB,rnnkqrbb,688,BBRQKNNR
464,BBRNNKRQ,bbrnnkrq,687,QRKNNRBB
465,BRNBNKRQ,brnbnkrq,683,QRKNBNRB
466,BRNNKBRQ,brnnkbrq,679,QRBKNNRB
467,BRNNKRQB,brnnkrqb,675,BQRKNNRB
468,RBBNNKRQ,rbbnnkrq,686,QRKNNBBR
469,RNBBNKRQ,rnbbnkrq,682,QRKNBBNR
470,RNBNKBRQ,rnbnkbrq,678,QRBKNBNR
471,RNBNKRQB,rnbnkrqb,674,BQRKNBNR
472,RBNNBKRQ,rbnnbkrq,685,QRKBNNBR
473,RNNBBKRQ,rnnbbkrq,681,QRKBBNNR
474,RNNKBBRQ,rnnkbbrq,677,QRBBKNNR
475,RNNKBRQB,rnnkbrqb,673,BQRBKNNR
476,RBNNKRBQ,rbnnkrbq,684,QBRKNNBR
477,RNNBKRBQ,rnnbkrbq,680,QBRKBNNR
478,RNNKRBBQ,rnnkrbbq,676,QBBRKNNR
479,RNNKRQBB,rnnkrqbb,672,BBQRKNNR
480,BBQRNKNR,bbqrnknr,575,RNKNRQBB
481,BQRBNKNR,bqrbnknr,571,RNKNBRQB
482,BQRNKBNR,bqrnkbnr,567,RNBKNRQB
483,BQRNKNRB,bqrnknrb,563,BRNKNRQB
484,QBBRNKNR,qbbrnknr,574,RNKNRBBQ
485,QRBBNKNR,qrbbnknr,570,RNKNBBRQ
486,QRBNKBNR,qrbnkbnr,566,RNBKNBRQ
487,QRBNKNRB,qrbnknrb,562,BRNKNBRQ
488,QBRNBKNR,qbrnbknr,573,RNKBNRBQ
489,QRNBBKNR,qrnbbknr,569,RNKBBNRQ
490,QRNKBBNR,qrnkbbnr,565,RNBBKNRQ
491,QRNKBNRB,qrnkbnrb,561,BRNBKNRQ
492,QBRNKNBR,qbrnknbr,572,RBNKNRBQ
493,QRNBKNBR,qrnbknbr,568,RBNKBNRQ
494,QRNKNBBR,qrnknbbr,564,RBBNKNRQ
495,QRNKNRBB,qrnknrbb,560,BBRNKNRQ
496,BBRQNKNR,bbrqnknr,559,RNKNQRBB
497,BRQBNKNR,brqbnknr,555,RNKNBQRB
498,BRQNKBNR,brqnkbnr,551,RNBKNQRB
499,BRQNKNRB,brqnknrb,547,BRNKNQRB
500,RBBQNKNR,rbbqnknr,558,RNKNQBBR
501,RQBBNKNR,rqbbnknr,554,RNKNBBQR
502,RQBNKBNR,rqbnkbnr,550,RNBKNBQR
503,RQBNKNRB,rqbnknrb,546,BRNKNBQR
504,RBQNBKNR,rbqnbknr,557,RNKBNQBR
505,RQNBBKNR,rqnbbknr,553,RNKBBNQR
506,RQNKBBNR,rqnkbbnr,549,RNBBKNQR
507,RQNKBNRB,rqnkbnrb,545,BRNBKNQR
508,RBQNKNBR,rbqnknbr,556,RBNKNQBR
509,RQNBKNBR,rqnbknbr,552,RBNKBNQR
510,RQNKNBBR,rqnknbbr,548,RBBNKNQR
511,RQNKNRBB,rqnknrbb,544,BBRNKNQR
512,BBRNQKNR,bbrnqknr,543,RNKQNRBB
513,BRNBQKNR,brnbqknr,539,RNKQBNRB
514,BRNQKBNR,brnqkbnr,535,RNBKQNRB
515,BRNQKNRB,brnqknrb,531,BRNKQNRB
516,RBBNQKNR,rbbnqknr,542,RNKQNBBR
517,RNBBQKNR,rnbbqknr,538,RNKQBBNR
518,RNBQKBNR,rnbqkbnr,534,RNBKQBNR
519,RNBQKNRB,rnbqknrb,530,BRNKQBNR
520,RBNQBKNR,rbnqbknr,541,RNKBQNBR
521,RNQBBKNR,rnqbbknr,537,RNKBBQNR
522,RNQKBBNR,rnqkbbnr,533,RNBBKQNR
523,RNQKBNRB,rnqkbnrb,529,BRNBKQNR
524,RBNQKNBR,rbnqknbr,540,RBNKQNBR
525,RNQBKNBR,rnqbknbr,536,RBNKBQNR
526,RNQKNBBR,rnqknbbr,532,RBBNKQNR
527,RNQKNRBB,rnqknrbb,528,BBRNKQNR
528,BBRNKQNR,bbrnkqnr,527,RNQKNRBB
529,BRNBKQNR,brnbkqnr,523,RNQKBNRB
530,BRNKQBNR,brnkqbnr,519,RNBQKNRB
531,BRNKQNRB,brnkqnrb,515,BRNQKNRB
532,RBBNKQNR,rbbnkqnr,526,RNQKNBBR
533,RNBBKQNR,rnbbkqnr,522,RNQKBBNR
534,RNBKQBNR,rnbkqbnr,518,RNBQKBNR
535,RNBKQNRB,rnbkqnrb,514,BRNQKBNR
536,RBNKBQNR,rbnkbqnr,525,RNQBKNBR
537,RNKBBQNR,rnkbbqnr,521,RNQBBKNR
538,RNKQBBNR,rnkqbbnr,517,RNBBQKNR
539,RNKQBNRB,rnkqbnrb,513,BRNBQKNR
540,RBNKQNBR,rbnkqnbr,524,RBNQKNBR
541,RNKBQNBR,rnkbqnbr,520,RBNQBKNR
542,RNKQNBBR,rnkqnbbr,516,RBBNQKNR
543,RNKQNRBB,rnkqnrbb,512,BBRNQKNR
544,BBRNKNQR,bbrnknqr,511,RQNKNRBB
545,BRNBKNQR,brnbknqr,507,RQNKBNRB
546,BRNKNBQR,brnknbqr,503,RQBNKNRB
547,BRNKNQRB,brnknqrb,499,BRQNKNRB
548,RBBNKNQR,rbbnknqr,510,RQNKNBBR
549,RNBBKNQR,rnbbknqr,506,RQNKBBNR
550,RNBKNBQR,rnbknbqr,502,RQBNKBNR
551,RNBKNQRB,rnbknqrb,498,BRQNKBNR
552,RBNKBNQR,rbnkbnqr,509,RQNBKNBR
553,RNKBBNQR,rnkbbnqr,505,RQNBBKNR
554,RNKNBBQR,rnknbbqr,501,RQBBNKNR
555,RNKNBQRB,rnknbqrb,497,BRQBNKNR
556,RBNKNQBR,rbnknqbr,508,RBQNKNBR
557,RNKBNQBR,rnkbnqbr,504,RBQNBKNR
558,RNKNQBBR,rnknqbbr,500,RBBQNKNR
559,RNKNQRBB,rnknqrbb,496,BBRQNKNR
560,BBRNKNRQ,bbrnknrq,495,QRNKNRBB
561,BRNBKNRQ,brnbknrq,491,QRNKBNRB
562,BRNKNBRQ,brnknbrq,487,QRBNKNRB
563,BRNKNRQB,brnknrqb,483,BQRNKNRB
564,RBBNKNRQ,rbbnknrq,494,QRNKNBBR
565,RNBBKNRQ,rnbbknrq,490,QRNKBBNR
566,RNBKNBRQ,rnbknbrq,486,QRBNKBNR
567,RNBKNRQB,rnbknrqb,482,BQRNKBNR
568,RBNKBNRQ,rbnkbnrq,493,QRNBKNBR
569,RNKBBNRQ,rnkbbnrq,489,QRNBBKNR
570,RNKNBBRQ,rnknbbrq,485,QRBBNKNR
571,RNKNBRQB,rnknbrqb,481,BQRBNKNR
572,RBNKNRBQ,rbnknrbq,492,QBRNKNBR
573,RNKBNRBQ,rnkbnrbq,488,QBRNBKNR
574,RNKNRBBQ,rnknrbbq,484,QBBRNKNR
575,RNKNRQBB,rnknrqbb,480,BBQRNKNR
576,BBQRNKRN,bbqrnkrn,287,NRKNRQBB
577,BQRBNKRN,bqrbnkrn,283,NRKNBRQB
578,BQRNKBRN,bqrnkbrn,279,NRBKNRQB
579,BQRNKRNB,bqrnkrnb,275,BNRKNRQB
580,QBBRNKRN,qbbrnkrn,286,NRKNRBBQ
581,QRBBNKRN,qrbbnkrn,282,NRKNBBRQ
582,QRBNKBRN,qrbnkbrn,278,NRBKNBRQ
583,QRBNKRNB,qrbnkrnb,274,BNRKNBRQ
584,QBRNBKRN,qbrnbkrn,285,NRKBNRBQ
585,QRNBBKRN,qrnbbkrn,281,NRKBBNRQ
586,QRNKBBRN,qrnkbbrn,277,NRBBKNRQ
587,QRNKBRNB,qrnkbrnb,273,BNRBKNRQ
588,QBRNKRBN,qbrnkrbn,284,NBRKNRBQ
589,QRNBKRBN,qrnbkrbn,280,NBRKBNRQ
590,QRNKRBBN,qrnkrbbn,276,NBBRKNRQ
591,QRNKRNBB,qrnkrnbb,272,BBNRKNRQ
592,BBRQNKRN,bbrqnkrn,271,NRKNQRBB
593,BRQBNKRN,brqbnkrn,267,NRKNBQRB
594,BRQNKBRN,brqnkbrn,263,NRBKNQRB
595,BRQNKRNB,brqnkrnb,259,BNRKNQRB
596,RBBQNKRN,rbbqnkrn,270,NRKNQBBR
597,RQBBNKRN,rqbbnkrn,266,NRKNBBQR
598,RQBNKBRN,rqbnkbrn,262,NRBKNBQR
599,RQBNKRNB,rqbnkrnb,258,BNRKNBQR
600,RBQNBKRN,rbqnbkrn,269,NRKBNQBR
601,RQNBBKRN,rqnbbkrn,265,NRKBBNQR
602,RQNKBBRN,rqnkbbrn,261,NRBBKNQR
603,RQNKBRNB,rqnkbrnb,257,BNRBKNQR
604,RBQNKRBN,rbqnkrbn,268,NBRKNQBR
605,RQNBKRBN,rqnbkrbn,264,NBRKBNQR
606,RQNKRBBN,rqnkrbbn,260,NBBRKNQR
607,RQNKRNBB,rqnkrnbb,256,BBNRKNQR
608,BBRNQKRN,bbrnqkrn,255,NRKQNRBB
609,BRNBQKRN,brnbqkrn,251,NRKQBNRB
610,BRNQKBRN,brnqkbrn,247,NRBKQNRB
611,BRNQKRNB,brnqkrnb,243,BNRKQNRB
612,RBBNQKRN,rbbnqkrn,254,NRKQNBBR
613,RNBBQKRN,rnbbqkrn,250,NRKQBBNR
614,RNBQKBRN,rnbqkbrn,246,NRBKQBNR
615,RNBQKRNB,rnbqkrnb,242,BNRKQBNR
616,RBNQBKRN,rbnqbkrn,253,NRKBQNBR
617,RNQBBKRN,rnqbbkrn,249,NRKBBQNR
618,RNQKBBRN,rnqkbbrn,245,NRBBKQNR
619,RNQKBRNB,rnqkbrnb,241,BNRBKQNR
620,RBNQKRBN,rbnqkrbn,252,NBRKQNBR
621,RNQBKRBN,rnqbkrbn,248,NBRKBQNR
622,RNQKRBBN,rnqkrbbn,244,NBBRKQNR
623,RNQKRNBB,rnqkrnbb,240,BBNRKQNR
624,BBRNKQRN,bbrnkqrn,239,NRQKNRBB
625,BRNBKQRN,brnbkqrn,235,NRQKBNRB
626,BRNKQBRN,brnkqbrn,231,NRBQKNRB
627,BRNKQRNB,brnkqrnb,227,BNRQKNRB
628,RBBNKQRN,rbbnkqrn,238,NRQKNBBR
629,RNBBKQRN,rnbbkqrn,234,NRQKBBNR
630,RNBKQBRN,rnbkqbrn,230,NRBQKBNR
631,RNBKQRNB,rnbkqrnb,226,BNRQKBNR
632,RBNKBQRN,rbnkbqrn,237,NRQBKNBR
633,RNKBBQRN,rnkbbqrn,233,NRQBBKNR
634,RNKQBBRN,rnkqbbrn,229,NRBBQKNR
635,RNKQBRNB,rnkqbrnb,225,BNRBQKNR
636,RBNKQRBN,rbnkqrbn,236,NBRQKNBR
637,RNKBQRBN,rnkbqrbn,232,NBRQBKNR
638,RNKQRBBN,rnkqrbbn,228,NBBRQKNR
639,RNKQRNBB,rnkqrnbb,224,BBNRQKNR
640,BBRNKRQN,bbrnkrqn,223,NQRKNRBB
641,BRNBKRQN,brnbkrqn,219,NQRKBNRB
642,BRNKRBQN,brnkrbqn,215,NQBRKNRB
643,BRNKRQNB,brnkrqnb,211,BNQRKNRB
644,RBBNKRQN,rbbnkrqn,222,NQRKNBBR
645,RNBBKRQN,rnbbkrqn,218,NQRKBBNR
646,RNBKRBQN,rnbkrbqn,214,NQBRKBNR
647,RNBKRQNB,rnbkrqnb,210,BNQRKBNR
648,RBNKBRQN,rbnkbrqn,221,NQRBKNBR
649,RNKBBRQN,rnkbbrqn,217,NQRBBKNR
650,RNKRBBQN,rnkrbbqn,213,NQBBRKNR
651,RNKRBQNB,rnkrbqnb,209,BNQBRKNR
652,RBNKRQBN,rbnkrqbn,220,NBQRKNBR
653,RNKBRQBN,rnkbrqbn,216,NBQRBKNR
654,RNKRQBBN,rnkrqbbn,212,NBBQRKNR
655,RNKRQNBB,rnkrqnbb,208,BBNQRKNR
656,BBRNKRNQ,bbrnkrnq,207,QNRKNRBB
657,BRNBKRNQ,brnbkrnq,203,QNRKBNRB
658,BRNKRBNQ,brnkrbnq,199,QNBRKNRB
659,BRNKRNQB,brnkrnqb,195,BQNRKNRB
660,RBBNKRNQ,rbbnkrnq,206,QNRKNBBR
661,RNBBKRNQ,rnbbkrnq,202,QNRKBBNR
662,RNBKRBNQ,rnbkrbnq,198,QNBRKBNR
663,RNBKRNQB,rnbkrnqb,194,BQNRKBNR
664,RBNKBRNQ,rbnkbrnq,205,QNRBKNBR
665,RNKBBRNQ,rnkbbrnq,201,QNRBBKNR
666,RNKRBBNQ,rnkrbbnq,197,QNBBRKNR
667,RNKRBNQB,rnkrbnqb,193,BQNBRKNR
668,RBNKRNBQ,rbnkrnbq,204,QBNRKNBR
669,RNKBRNBQ,rnkbrnbq,200,QBNRBKNR
670,RNKRNBBQ,rnkrnbbq,196,QBBNRKNR
671,RNKRNQBB,rnkrnqbb,192,BBQNRKNR
672,BBQRKNNR,bbqrknnr,479,RNNKRQBB
673,BQRBKNNR,bqrbknnr,475,RNNKBRQB
674,BQRKNBNR,bqrknbnr,471,RNBNKRQB
675,BQRKNNRB,bqrknnrb,467,BRNNKRQB
676,QBBRKNNR,qbbrknnr,478,RNNKRBBQ
677,QRBBKNNR,qrbbknnr,474,RNNKBBRQ
678,QRBKNBNR,qrbknbnr,470,RNBNKBRQ
679,QRBKNNRB,qrbknnrb,466,BRNNKBRQ
680,QBRKBNNR,qbrkbnnr,477,RNNBKRBQ
681,QRKBBNNR,qrkbbnnr,473,RNNBBKRQ
682,QRKNBBNR,qrknbbnr,469,RNBBNKRQ
683,QRKNBNRB,qrknbnrb,465,BRNBNKRQ
684,QBRKNNBR,qbrknnbr,476,RBNNKRBQ
685,QRKBNNBR,qrkbnnbr,472,RBNNBKRQ
686,QRKNNBBR,qrknnbbr,468,RBBNNKRQ
687,QRKNNRBB,qrknnrbb,464,BBRNNKRQ
688,BBRQKNNR,bbrqknnr,463,RNNKQRBB
689,BRQBKNNR,brqbknnr,459,RNNKBQRB
690,BRQKNBNR,brqknbnr,455,RNBNKQRB
691,BRQKNNRB,brqknnrb,451,BRNNKQRB
692,RBBQKNNR,rbbqknnr,462,RNNKQBBR
693,RQBBKNNR,rqbbknnr,458,RNNKBBQR
694,RQBKNBNR,rqbknbnr,454,RNBNKBQR
695,RQBKNNRB,rqbknnrb,450,BRNNKBQR
696,RBQKBNNR,rbqkbnnr,461,RNNBKQBR
697,RQKBBNNR,rqkbbnnr,457,RNNBBKQR
698,RQKNBBNR,rqknbbnr,453,RNBBNKQR
699,RQKNBNRB,rqknbnrb,449,BRNBNKQR
700,RBQKNNBR,rbqknnbr,460,RBNNKQBR
701,RQKBNNBR,rqkbnnbr,456,RBNNBKQR
702,RQKNNBBR,rqknnbbr,452,RBBNNKQR
703,RQKNNRBB,rqknnrbb,448,BBRNNKQR
704,BBRKQNNR,bbrkqnnr,447,RNNQKRBB
705,BRKBQNNR,brkbqnnr,443,RNNQBKRB
706,BRKQNBNR,brkqnbnr,439,RNBNQKRB
707,BRKQNNRB,brkqnnrb,435,BRNNQKRB
708,RBBKQNNR,rbbkqnnr,446,RNNQKBBR
709,RKBBQNNR,rkbbqnnr,442,RNNQBBKR
710,RKBQNBNR,rkbqnbnr,438,RNBNQBKR
711,RKBQNNRB,rkbqnnrb,434,BRNNQBKR
712,RBKQBNNR,rbkqbnnr,445,RNNBQKBR
713,RKQBBNNR,rkqbbnnr,441,RNNBBQKR
714,RKQNBBNR,rkqnbbnr,437,RNBBNQKR
715,RKQNBNRB,rkqnbnrb,433,BRNBNQKR
716,RBKQNNBR,rbkqnnbr,444,RBNNQKBR
717,RKQBNNBR,rkqbnnbr,440,RBNNBQKR
718,RKQNNBBR,rkqnnbbr,436,RBBNNQKR
719,RKQNNRBB,rkqnnrbb,432,BBRNNQKR
720,BBRKNQNR,bbrknqnr,431,RNQNKRBB
721,BRKBNQNR,brkbnqnr,427,RNQNBKRB
722,BRKNQBNR,brknqbnr,423,RNBQNKRB
723,BRKNQNRB,brknqnrb,419,BRNQNKRB
724,RBBKNQNR,rbbknqnr,430,RNQNKBBR
725,RKBBNQNR,rkbbnqnr,426,RNQNBBKR
726,RKBNQBNR,rkbnqbnr,422,RNBQNBKR
727,RKBNQNRB,rkbnqnrb,418,BRNQNBKR
728,RBKNBQNR,rbknbqnr,429,RNQBNKBR
729,RKNBBQNR,rknbbqnr,425,RNQBBNKR
730,RKNQBBNR,rknqbbnr,421,RNBBQNKR
731,RKNQBNRB,rknqbnrb,417,BRNBQNKR
732,RBKNQNBR,rbknqnbr,428,RBNQNKBR
733,RKNBQNBR,rknbqnbr,424,RBNQBNKR
734,RKNQNBBR,rknqnbbr,420,RBBNQNKR
735,RKNQNRBB,rknqnrbb,416,BBRNQNKR
736,BBRKNNQR,bbrknnqr,415,RQNNKRBB
737,BRKBNNQR,brkbnnqr,411,RQNNBKRB
738,BRKNNBQR,brknnbqr,407,RQBNNKRB
739,BRKNNQRB,brknnqrb,403,BRQNNKRB
740,RBBKNNQR,rbbknnqr,414,RQNNKBBR
741,RKBBNNQR,rkbbnnqr,410,RQNNBBKR
742,RKBNNBQR,rkbnnbqr,406,RQBNNBKR
743,RKBNNQRB,rkbnnqrb,402,BRQNNBKR
744,RBKNBNQR,rbknbnqr,413,RQNBNKBR
745,RKNBBNQR,rknbbnqr,409,RQNBBNKR
746,RKNNBBQR,rknnbbqr,405,RQBBNNKR
747,RKNNBQRB,rknnbqrb,401,BRQBNNKR
748,RBKNNQBR,rbknnqbr,412,RBQNNKBR
749,RKNBNQBR,rknbnqbr,408,RBQNBNKR
750,RKNNQBBR,rknnqbbr,404,RBBQNNKR
751,RKNNQRBB,rknnqrbb,400,BBRQNNKR
752,BBRKNNRQ,bbrknnrq,399,QRNNKRBB
753,BRKBNNRQ,brkbnnrq,395,QRNNBKRB
754,BRKNNBRQ,brknnbrq,391,QRBNNKRB
755,BRKNNRQB,brknnrqb,387,BQRNNKRB
756,RBBKNNRQ,rbbknnrq,398,QRNNKBBR
757,RKBBNNRQ,rkbbnnrq,394,QRNNBBKR
758,RKBNNBRQ,rkbnnbrq,390,QRBNNBKR
759,RKBNNRQB,rkbnnrqb,386,BQRNNBKR
760,RBKNBNRQ,rbknbnrq,397,QRNBNKBR
761,RKNBBNRQ,rknbbnrq,393,QRNBBNKR
762,RKNNBBRQ,rknnbbrq,389,QRBBNNKR
763,RKNNBRQB,rknnbrqb,385,BQRBNNKR
764,RBKNNRBQ,rbknnrbq,396,QBRNNKBR
765,RKNBNRBQ,rknbnrbq,392,QBRNBNKR
766,RKNNRBBQ,rknnrbbq,388,QBBRNNKR
767,RKNNRQBB,rknnrqbb,384,BBQRNNKR
768,BBQRKNRN,bbqrknrn,191,NRNKRQBB
769,BQRBKNRN,bqrbknrn,187,NRNKBRQB
770,BQRKNBRN,bqrknbrn,183,NRBNKRQB
771,BQRKNRNB,bqrknrnb,179,BNRNKRQB
772,QBBRKNRN,qbbrknrn,190,NRNKRBBQ
773,QRBBKNRN,qrbbknrn,186,NRNKBBRQ
774,QRBKNBRN,qrbknbrn,182,NRBNKBRQ
775,QRBKNRNB,qrbknrnb,178,BNRNKBRQ
776,QBRKBNRN,qbrkbnrn,189,NRNBKRBQ
777,QRKBBNRN,qrkbbnrn,185,NRNBBKRQ
778,QRKNBBRN,qrknbbrn,181,NRBBNKRQ
779,QRKNBRNB,qrknbrnb,177,BNRBNKRQ
780,QBRKNRBN,qbrknrbn,188,NBRNKRBQ
781,QRKBNRBN,qrkbnrbn,184,NBRNBKRQ
782,QRKNRBBN,qrknrbbn,180,NBBRNKRQ
783,QRKNRNBB,qrknrnbb,176,BBNRNKRQ
784,BBRQKNRN,bbrqknrn,175,NRNKQRBB
785,BRQBKNRN,brqbknrn,171,NRNKBQRB
786,BRQKNBRN,brqknbrn,167,NRBNKQRB
787,BRQKNRNB,brqknrnb,163,BNRNKQRB
788,RBBQKNRN,rbbqknrn,174,NRNKQBBR
789,RQBBKNRN,rqbbknrn,170,NRNKBBQR
790,RQBKNBRN,rqbknbrn,166,NRBNKBQR
791,RQBKNRNB,rqbknrnb,162,BNRNKBQR
792,RBQKBNRN,rbqkbnrn,173,NRNBKQBR
793,RQKBBNRN,rqkbbnrn,169,NRNBBKQR
794,RQKNBBRN,rqknbbrn,165,NRBBNKQR
795,RQKNBRNB,rqknbrnb,161,BNRBNKQR
796,RBQKNRBN,rbqknrbn,172,NBRNKQBR
797,RQKBNRBN,rqkbnrbn,168,NBRNBKQR
798,RQKNRBBN,rqknrbbn,164,NBBRNKQR
799,RQKNRNBB,rqknrnbb,160,BBNRNKQR
800,BBRKQNRN,bbrkqnrn,159,NRNQKRBB
801,BRKBQNRN,brkbqnrn,155,NRNQBKRB
802,BRKQNBRN,brkqnbrn,151,NRBNQKRB
803,BRKQNRNB,brkqnrnb,147,BNRNQKRB
804,RBBKQNRN,rbbkqnrn,158,NRNQKBBR
805,RKBBQNRN,rkbbqnrn,154,NRNQBBKR
806,RKBQNBRN,rkbqnbrn,150,NRBNQBKR
807,RKBQNRNB,rkbqnrnb,146,BNRNQBKR
808,RBKQBNRN,rbkqbnrn,157,NRNBQKBR
809,RKQBBNRN,rkqbbnrn,153,NRNBBQKR
810,RKQNBBRN,rkqnbbrn,149,NRBBNQKR
811,RKQNBRNB,rkqnbrnb,145,BNRBNQKR
812,RBKQNRBN,rbkqnrbn,156,NBRNQKBR
813,RKQBNRBN,rkqbnrbn,152,NBRNBQKR
814,RKQNRBBN,rkqnrbbn,148,NBBRNQKR
815,RKQNRNBB,rkqnrnbb,144,BBNRNQKR
816,BBRKNQRN,bbrknqrn,143,NRQNKRBB
817,BRKBNQRN,brkbnqrn,139,NRQNBKRB
818,BRKNQBRN,brknqbrn,135,NRBQNKRB
819,BRKNQRNB,brknqrnb,131,BNRQNKRB
820,RBBKNQRN,rbbknqrn,142,NRQNKBBR
821,RKBBNQRN,rkbbnqrn,138,NRQNBBKR
822,RKBNQBRN,rkbnqbrn,134,NRBQNBKR
823,RKBNQRNB,rkbnqrnb,130,BNRQNBKR
824,RBKNBQRN,rbknbqrn,141,NRQBNKBR
825,RKNBBQRN,rknbbqrn,137,NRQBBNKR
826,RKNQBBRN,rknqbbrn,133,NRBBQNKR
827,RKNQBRNB,rknqbrnb,129,BNRBQNKR
828,RBKNQRBN,rbknqrbn,140,NBRQNKBR
829,RKNBQRBN,rknbqrbn,136,NBRQBNKR
830,RKNQRBBN,rknqrbbn,132,NBBRQNKR
831,RKNQRNBB,rknqrnbb,128,BBNRQNKR
832,BBRKNRQN,bbrknrqn,127,NQRNKRBB
833,BRKBNRQN,brkbnrqn,123,NQRNBKRB
834,BRKNRBQN,brknrbqn,119,NQBRNKRB
835,BRKNRQNB,brknrqnb,115,BNQRNKRB
836,RBBKNRQN,rbbknrqn,126,NQRNKBBR
837,RKBBNRQN,rkbbnrqn,122,NQRNBBKR
838,RKBNRBQN,rkbnrbqn,118,NQBRNBKR
839,RKBNRQNB,rkbnrqnb,114,BNQRNBKR
840,RBKNBRQN,rbknbrqn,125,NQRBNKBR
841,RKNBBRQN,rknbbrqn,121,NQRBBNKR
842,RKNRBBQN,rknrbbqn,117,NQBBRNKR
843,RKNRBQNB,rknrbqnb,113,BNQBRNKR
844,RBKNRQBN,rbknrqbn,124,NBQRNKBR
845,RKNBRQBN,rknbrqbn,120,NBQRBNKR
846,RKNRQBBN,rknrqbbn,116,NBBQRNKR
847,RKNRQNBB,rknrqnbb,112,BBNQRNKR
848,BBRKNRNQ,bbrknrnq,111,QNRNKRBB
849,BRKBNRNQ,brkbnrnq,107,QNRNBKRB
850,BRKNRBNQ,brknrbnq,103,QNBRNKRB
851,BRKNRNQB,brknrnqb,99,BQNRNKRB
852,RBBKNRNQ,rbbknrnq,110,QNRNKBBR
853,RKBBNRNQ,rkbbnrnq,106,QNRNBBKR
854,RKBNRBNQ,rkbnrbnq,102,QNBRNBKR
855,RKBNRNQB,rkbnrnqb,98,BQNRNBKR
856,RBKNBRNQ,rbknbrnq,109,QNRBNKBR
857,RKNBBRNQ,rknbbrnq,105,QNRBBNKR
858,RKNRBBNQ,rknrbbnq,101,QNBBRNKR
859,RKNRBNQB,rknrbnqb,97,BQNBRNKR
860,RBKNRNBQ,rbknrnbq,108,QBNRNKBR
861,RKNBRNBQ,rknbrnbq,104,QBNRBNKR
862,RKNRNBBQ,rknrnbbq,100,QBBNRNKR
863,RKNRNQBB,rknrnqbb,96,BBQNRNKR
864,BBQRKRNN,bbqrkrnn,95,NNRKRQBB
865,BQRBKRNN,bqrbkrnn,91,NNRKBRQB
866,BQRKRBNN,bqrkrbnn,87,NNBRKRQB
867,BQRKRNNB,bqrkrnnb,83,BNNRKRQB
868,QBBRKRNN,qbbrkrnn,94,NNRKRBBQ
869,QRBBKRNN,qrbbkrnn,90,NNRKBBRQ
870,QRBKRBNN,qrbkrbnn,86,NNBRKBRQ
871,QRBKRNNB,qrbkrnnb,82,BNNRKBRQ
872,QBRKBRNN,qbrkbrnn,93,NNRBKRBQ
873,QRKBBRNN,qrkbbrnn,89,NNRBBKRQ
874,QRKRBBNN,qrkrbbnn,85,NNBBRKRQ
875,QRKRBNNB,qrkrbnnb,81,BNNBRKRQ
876,QBRKRNBN,qbrkrnbn,92,NBNRKRBQ
877,QRKBRNBN,qrkbrnbn,88,NBNRBKRQ
878,QRKRNBBN,qrkrnbbn,84,NBBNRKRQ
879,QRKRNNBB,qrkrnnbb,80,BBNNRKRQ
880,BBRQKRNN,bbrqkrnn,79,NNRKQRBB
881,BRQBKRNN,brqbkrnn,75,NNRKBQRB
882,BRQKRBNN,brqkrbnn,71,NNBRKQRB
883,BRQKRNNB,brqkrnnb,67,BNNRKQRB
884,RBBQKRNN,rbbqkrnn,78,NNRKQBBR
885,RQBBKRNN,rqbbkrnn,74,NNRKBBQR
886,RQBKRBNN,rqbkrbnn,70,NNBRKBQR
887,RQBKRNNB,rqbkrnnb,66,BNNRKBQR
888,RBQKBRNN,rbqkbrnn,77,NNRBKQBR
889,RQKBBRNN,rqkbbrnn,73,NNRBBKQR
890,RQKRBBNN,rqkrbbnn,69,NNBBRKQR
891,RQKRBNNB,rqkrbnnb,65,BNNBRKQR
892,RBQKRNBN,rbqkrnbn,76,NBNRKQBR
893,RQKBRNBN,rqkbrnbn,72,NBNRBKQR
894,RQKRNBBN,rqkrnbbn,68,NBBNRKQR
895,RQKRNNBB,rqkrnnbb,64,BBNNRKQR
896,BBRKQRNN,bbrkqrnn,63,NNRQKRBB
897,BRKBQRNN,brkbqrnn,59,NNRQBKRB
898,BRKQRBNN,brkqrbnn,55,NNBRQKRB
899,BRKQRNNB,brkqrnnb,51,BNNRQKRB
900,RBBKQRNN,rbbkqrnn,62,NNRQKBBR
901,RKBBQRNN,rkbbqrnn,58,NNRQBBKR
902,RKBQRBNN,rkbqrbnn,54,NNBRQBKR
903,RKBQRNNB,rkbqrnnb,50,BNNRQBKR
904,RBKQBRNN,rbkqbrnn,61,NNRBQKBR
905,RKQBBRNN,rkqbbrnn,57,NNRBBQKR
906,RKQRBBNN,rkqrbbnn,53,NNBBRQKR
907,RKQRBNNB,rkqrbnnb,49,BNNBRQKR
908,RBKQRNBN,rbkqrnbn,60,NBNRQKBR
909,RKQBRNBN,rkqbrnbn,56,NBNRBQKR
910,RKQRNBBN,rkqrnbbn,52,NBBNRQKR
911,RKQRNNBB,rkqrnnbb,48,BBNNRQKR
912,BBRKRQNN,bbrkrqnn,47,NNQRKRBB
913,BRKBRQNN,brkbrqnn,43,NNQRBKRB
914,BRKRQBNN,brkrqbnn,39,NNBQRKRB
915,BRKRQNNB,brkrqnnb,35,BNNQRKRB
916,RBBKRQNN,rbbkrqnn,46,NNQRKBBR
917,RKBBRQNN,rkbbrqnn,42,NNQRBBKR
918,RKBRQBNN,rkbrqbnn,38,NNBQRBKR
919,RKBRQNNB,rkbrqnnb,34,BNNQRBKR
920,RBKRBQNN,rbkrbqnn,45,NNQBRKBR
921,RKRBBQNN,rkrbbqnn,41,NNQBBRKR
922,RKRQBBNN,rkrqbbnn,37,NNBBQRKR
923,RKRQBNNB,rkrqbnnb,33,BNNBQRKR
924,RBKRQNBN,rbkrqnbn,44,NBNQRKBR
925,RKRBQNBN,rkrbqnbn,40,NBNQBRKR
926,RKRQNBBN,rkrqnbbn,36,NBBNQRKR
927,RKRQNNBB,rkrqnnbb,32,BBNNQRKR
928,BBRKRNQN,bbrkrnqn,31,NQNRKRBB
929,BRKBRNQN,brkbrnqn,27,NQNRBKRB
930,BRKRNBQN,brkrnbqn,23,NQBNRKRB
931,BRKRNQNB,brkrnqnb,19,BNQNRKRB
932,RBBKRNQN,rbbkrnqn,30,NQNRKBBR
933,RKBBRNQN,rkbbrnqn,26,NQNRBBKR
934,RKBRNBQN,rkbrnbqn,22,NQBNRBKR
935,RKBRNQNB,rkbrnqnb,18,BNQNRBKR
936,RBKRBNQN,rbkrbnqn,29,NQNBRKBR
937,RKRBBNQN,rkrbbnqn,25,NQNBBRKR
938,RKRNBBQN,rkrnbbqn,21,NQBBNRKR
939,RKRNBQNB,rkrnbqnb,17,BNQBNRKR
940,RBKRNQBN,rbkrnqbn,28,NBQNRKBR
941,RKRBNQBN,rkrbnqbn,24,NBQNBRKR
942,RKRNQBBN,rkrnqbbn,20,NBBQNRKR
943,RKRNQNBB,rkrnqnbb,16,BBNQNRKR
944,BBRKRNNQ,bbrkrnnq,15,QNNRKRBB
945,BRKBRNNQ,brkbrnnq,11,QNNRBKRB
946,BRKRNBNQ,brkrnbnq,7,QNBNRKRB
947,BRKRNNQB,brkrnnqb,3,BQNNRKRB
948,RBBKRNNQ,rbbkrnnq,14,QNNRKBBR
949,RKBBRNNQ,rkbbrnnq,10,QNNRBBKR
950,RKBRNBNQ,rkbrnbnq,6,QNBNRBKR
951,RKBRNNQB,rkbrnnqb,2,BQNNRBKR
952,RBKRBNNQ,rbkrbnnq,13,QNNBRKBR
953,RKRBBNNQ,rkrbbnnq,9,QNNBBRKR
954,RKRNBBNQ,rkrnbbnq,5,QNBBNRKR
955,RKRNBNQB,rkrnbnqb,1,BQNBNRKR
956,RBKRNNBQ,rbkrnnbq,12,QBNNRKBR
957,RKRBNNBQ,rkrbnnbq,8,QBNNBRKR
958,RKRNNBBQ,rkrnnbbq,4,QBBNNRKR
959,RKRNNQBB,rkrnnqbb,0,BBQNNRKR